,loss,accuracy,val_loss,val_accuracy
0,0.3988599479198456,0.9153013825416565,0.25376096367836,0.9366306066513062
1,0.2510227859020233,0.9366306066513062,0.2481081485748291,0.9366306066513062
